,Degree,Clustering Coefficient,Betweenness,Closeness,Shortest Path,Eigenvector,E In,E Out,E In Over E Out,ODF,Expansion,Cut Ratio,Conductance,Normalised Cut,Triangle Participation
graph_057_mu_0_2_node_546,26,0.3723076923076923,0.0015210947495287,0.3733183856502242,2.6786786786786787,0.0146497398247283,19.009,6.991,2.719857142857143,0.2688846153846153,0.2558688996959448,0.007189674048068,0.1553294685990337,0.1556016722476889,0.6950735210867283
graph_057_mu_0_2_node_231,18,0.3660130718954248,0.0008075697765794,0.369589345172031,2.705705705705706,0.0141822619481187,12.006,5.994,2.0036,0.3329999999999999,0.2682880124773765,0.0061345356822748,0.1997677419354839,0.2000010079497623,0.5368322825528332
graph_057_mu_0_2_node_13,21,0.3801169590643274,0.0010501144503396,0.3603896103896103,2.774774774774775,0.0084359315695591,15.07,5.93,2.549,0.2823809523809523,0.3049560190702106,0.0060810720606303,0.1644594594594594,0.1646902901669997,0.7154339902663653
graph_057_mu_0_2_node_495,21,0.2456140350877192,0.001561749425079,0.3698630136986301,2.703703703703704,0.0093835656307592,12.073,8.927,1.358075,0.4250952380952382,0.5936861585549947,0.0090892938095274,0.2700748855807678,0.2704222554907101,0.7294617642960134
graph_057_mu_0_2_node_707,19,0.4327485380116959,0.0008226716529761,0.3632727272727272,2.7527527527527527,0.0118649053693655,14.006,4.994,2.8056999999999994,0.2628421052631579,0.2235409089581725,0.0051110650334746,0.1513119429590017,0.1515063302075661,0.626280513573716
graph_057_mu_0_2_node_877,23,0.1428571428571428,0.0018908846522896,0.3774083868530412,2.6496496496496498,0.0163069047995058,12.118,10.882,1.1168915404040398,0.4731304347826088,0.6445297711968985,0.0111304857441714,0.310051468761995,0.3104748814629243,0.6469092701323591
graph_057_mu_0_2_node_625,32,0.4298850574712644,0.0011445878748377,0.386609907120743,2.5865865865865865,0.0885189900597267,26.005,5.995,4.339200000000001,0.18734375,0.120378975214956,0.0063248757089768,0.1033553867134229,0.103588946113789,0.5018749504775307
graph_057_mu_0_2_node_8,28,0.32,0.0019911873331379,0.3794151158374478,2.635635635635636,0.0153542485099003,18.068,9.932,1.8219222222222224,0.3547142857142856,0.5474202218162161,0.010144922454684,0.2156395533236421,0.2160261957006593,0.9335344971951036
graph_057_mu_0_2_node_733,20,0.1789473684210526,0.0016496950121296,0.375281743050338,2.664664664664665,0.0122064627320982,10.049,9.951,1.0121349206349206,0.49755,0.586846874431097,0.010181293074773,0.3313148093841642,0.3317019493124061,0.5864632030456057
graph_057_mu_0_2_node_698,24,0.3731884057971014,0.0013310774245282,0.3720670391061452,2.687687687687688,0.0142034643127336,17.004,6.996,2.430857142857143,0.2915,0.2765786601792567,0.0071803860211252,0.1706202090592334,0.1708925648346568,0.6718929459628815
graph_057_mu_0_2_node_920,32,0.2661290322580645,0.0027119111371972,0.4007220216606498,2.4954954954954958,0.0771303551507231,20.025,11.975,1.6728242424242428,0.37421875,0.2405612618007932,0.0126333238149724,0.2301903993979466,0.2306566079028024,0.401568180597226
graph_057_mu_0_2_node_229,26,0.4021739130434782,0.0011712573746134,0.3649981731823164,2.73973973973974,0.0128649432698265,20.002,5.998,3.3350666666666675,0.2306923076923077,0.237073563928697,0.0061561891274889,0.130386679000925,0.1306202460246151,0.7509466276545488
graph_057_mu_0_2_node_396,19,0.1544117647058823,0.0010763291656087,0.3716517857142857,2.690690690690691,0.0192636462318295,10.164,8.836,1.1751527000777,0.4650526315789474,0.5465789342584427,0.0090124292855034,0.3039112464132292,0.3042550231306264,0.5467446936701661
graph_057_mu_0_2_node_226,21,0.3801169590643274,0.0007873872415878,0.3635371179039301,2.750750750750751,0.0138031613088052,15.002,5.998,2.5014000000000003,0.2856190476190475,0.2199386640900532,0.0061685583872087,0.1666036036036035,0.1668370797097891,0.5133490364029771
graph_057_mu_0_2_node_600,17,0.1470588235294117,0.0012606004546913,0.3630087209302325,2.754754754754755,0.0069824449404459,8.017,8.983,0.8935358669108672,0.5284117647058825,0.5282995097089672,0.0091920928313988,0.3591760846560847,0.3595255230428799,0.4692037368226125
graph_057_mu_0_2_node_387,22,0.3105263157894737,0.0013776877919031,0.3630087209302325,2.754754754754755,0.0087047099411616,15.05,6.95,2.16904761904762,0.3159090909090909,0.3561484773208489,0.0071286817933233,0.1876244665718349,0.1878949906867318,0.7152610324825557
graph_057_mu_0_2_node_747,18,0.3071895424836601,0.0012361851789568,0.3574239713774597,2.7977977977977977,0.0062452180230726,11.047,6.953,1.591914285714286,0.3862777777777779,0.4620581594427598,0.0070795330858681,0.2394398220244715,0.2397103785619511,0.7282406174062901
graph_057_mu_0_2_node_579,51,0.3486394557823129,0.0038962736673368,0.4129805704836709,2.4214214214214214,0.1321537110422918,38.089,12.911,2.9535758741258733,0.253156862745098,0.2597574661818493,0.013619020447781,0.1449405011533003,0.1454438390172528,0.7438778978382907
graph_057_mu_0_2_node_597,22,0.2210526315789473,0.0015496232408036,0.3706864564007421,2.6976976976976976,0.0124441702228085,14.003,7.997,1.7520851648351647,0.3635,0.3933062573415632,0.0081689800846866,0.2221550905744454,0.2224663305119546,0.6381534925564634
graph_057_mu_0_2_node_224,31,0.2903225806451613,0.0026530042862124,0.3823191733639495,2.6156156156156154,0.0175676200047313,21.017,9.983,2.1063722222222228,0.3220322580645161,0.3800320083670375,0.0102557159782176,0.1919302531849702,0.1923189696585281,0.799006279645984
graph_057_mu_0_2_node_871,37,0.3093093093093093,0.0025468412338207,0.3973747016706443,2.5165165165165164,0.0914445540844403,26.165,10.835,2.420360353535354,0.2928378378378379,0.2184371289576557,0.0114276563868348,0.1715839105339105,0.1720059566171956,0.5242090215450737
graph_057_mu_0_2_node_33,24,0.3463203463203463,0.0012249629037931,0.3705489614243323,2.6986986986986987,0.0127871921170178,17.007,6.993,2.4325714285714284,0.291375,0.2565544943149029,0.0071915293715154,0.1705365853658536,0.1708088244325324,0.5867263612520819
graph_057_mu_0_2_node_635,20,0.2549019607843137,0.0012132674723148,0.3623503808487486,2.75975975975976,0.0089029180931238,13.011,6.989,1.8632467532467532,0.3494499999999999,0.3439336702028432,0.0071390738813798,0.2117536418956296,0.2120256405480648,0.5892918178001327
graph_057_mu_0_2_node_295,26,0.3969230769230769,0.0014058198989841,0.3702742772424018,2.700700700700701,0.0145406414834988,19.004,6.996,2.7172571428571435,0.269076923076923,0.2559778589508941,0.0071949186521076,0.1554572104018912,0.1557296085772103,0.6950819483212586
graph_057_mu_0_2_node_122,23,0.3,0.0013704483021843,0.3682270549207519,2.715715715715716,0.010349547814904,16.005,6.995,2.2902216117216114,0.3041304347826087,0.3442362154977447,0.0071452698359099,0.1793772727272726,0.1796495682080582,0.7363406653478066
graph_057_mu_0_2_node_101,20,0.3202614379084967,0.0009519521632527,0.3587073608617594,2.787787787787788,0.0078066348918349,14.028,5.972,2.362,0.2985999999999999,0.3521422738823469,0.0061106425732682,0.1756167259696671,0.1758491721312011,0.7628521579149993
graph_057_mu_0_2_node_487,15,0.1047619047619047,0.0011565942586583,0.3701370878103001,2.701701701701701,0.0112668149250708,5.073,9.927,0.5126515151515152,0.6617999999999999,0.6091971162949408,0.010132417505535,0.4949077238550923,0.495293780980816,0.3043616444720806
graph_057_mu_0_2_node_376,38,0.3229018492176387,0.0025565573911317,0.398961661341853,2.5065065065065064,0.0964681561620277,27.134,10.866,2.501527272727272,0.2859473684210527,0.2188816187469716,0.0114610192558066,0.1668616358765612,0.1672849210821888,0.5427194070411576
graph_057_mu_0_2_node_952,21,0.3952380952380952,0.0008665696019969,0.3607800650054171,2.771771771771772,0.0095062814040926,17.006,3.994,4.2605,0.1901904761904762,0.1520113808482457,0.0041031832330193,0.1050931174089068,0.1052486228637707,0.6467009102665295
graph_057_mu_0_2_node_839,51,0.3698979591836734,0.0041316731889519,0.4100985221674877,2.4384384384384385,0.1321137471878158,39.072,11.928,3.2785136363636367,0.2338823529411764,0.2398998220717442,0.0125826958748493,0.132439066730371,0.1329041357629049,0.7637355419483959
graph_057_mu_0_2_node_59,29,0.4387464387464387,0.0013197908756979,0.3778366111951589,2.6466466466466465,0.0255345822246687,22.019,6.981,3.160395238095239,0.2407241379310344,0.3128189499701477,0.0071439459689151,0.1368499119370373,0.1371217898933494,0.939590397854624
graph_057_mu_0_2_node_965,32,0.344758064516129,0.0021829726212301,0.389777604369879,2.5655655655655654,0.0259019094566,21.027,10.973,1.9173979797979803,0.34290625,0.3838651589645132,0.0113019529196809,0.2069490883679563,0.207376337128158,0.7342165505536078
graph_057_mu_0_2_node_436,44,0.3498942917547569,0.0030939820215707,0.4119587628865979,2.4274274274274275,0.1177756634499687,31.051,12.949,2.399307692307692,0.2942954545454546,0.2602835039864104,0.0136601729561076,0.1725483709273183,0.1730529129161913,0.6226534410223171
graph_057_mu_0_2_node_753,17,0.1544117647058823,0.0012779275947372,0.3655323819978046,2.735735735735736,0.0075889982757991,7.007,9.993,0.7014638888888888,0.5878235294117646,0.7033052314263241,0.0101418537045818,0.416283076923077,0.4166717586287377,0.4925608842206492
graph_057_mu_0_2_node_30,25,0.4633333333333333,0.0011739714647038,0.3733183856502242,2.6786786786786787,0.0187439805354499,19.009,5.991,3.174166666666666,0.2396400000000001,0.2095022476989468,0.0061707060391471,0.1361363636363635,0.1363696400656609,0.664113770763478
graph_057_mu_0_2_node_134,38,0.2920634920634921,0.0026646297985192,0.399919935948759,2.5005005005005003,0.0919905670994096,26.152,11.848,2.211700505050505,0.3117894736842106,0.2387233707635624,0.0124964470752958,0.1847340019104395,0.1851954878778002,0.5039667986113411
graph_057_mu_0_2_node_3,27,0.3133333333333333,0.0018576523481176,0.3751408186256102,2.665665665665666,0.0130084249142895,19.012,7.988,2.384241071428572,0.2958518518518518,0.3934283131773485,0.0081591751529858,0.1736689712254734,0.1739799819539325,0.8836170914583036
graph_057_mu_0_2_node_299,28,0.3907692307692307,0.0013093441300634,0.3722056631892697,2.6866866866866865,0.0173462275698524,21.003,6.997,3.002266666666667,0.2498928571428571,0.2766004252398716,0.0071814355361142,0.1427894677871148,0.1430619473178437,0.7904613816700341
graph_057_mu_0_2_node_75,52,0.3240816326530612,0.0040002846692376,0.4126394052044609,2.4234234234234235,0.1333631487458319,39.05,12.95,3.0186868686868684,0.2490384615384615,0.2603319559523708,0.0136609145206026,0.1422433699958169,0.1427482654553972,0.7633761153481721
graph_057_mu_0_2_node_432,23,0.2809523809523809,0.0015583772507657,0.3775510204081632,2.6486486486486487,0.0139007497684641,14.032,8.968,1.5661884920634923,0.3899130434782609,0.4931443787374782,0.009161820154313,0.2422028868949922,0.2425519053405695,0.7135594663828566
graph_057_mu_0_2_node_799,31,0.3354838709677419,0.0021727848918575,0.3821729150726855,2.6166166166166165,0.0187395420311066,22.006,8.994,2.447027777777777,0.2901290322580645,0.3555953435118598,0.0092309572225335,0.1696813417190776,0.1700315892212525,0.8695119096526656
graph_057_mu_0_2_node_207,19,0.2923976608187134,0.0011103602298988,0.3670095518001469,2.724724724724725,0.0104273237485511,12.003,6.997,1.7156428571428572,0.3682631578947367,0.2661852658694272,0.0071884571579509,0.2256915322580644,0.2259638209338499,0.4564342962214301
graph_057_mu_0_2_node_522,28,0.3630769230769231,0.0014465889168399,0.3768389287061486,2.6536536536536537,0.0199453461607663,20.015,7.985,2.507833333333333,0.2851785714285713,0.315867993147255,0.0081951231266591,0.1663114285714285,0.1666223471836804,0.7511938137626505
graph_057_mu_0_2_node_15,28,0.4947089947089947,0.000882074819165,0.3842307692307692,2.6026026026026026,0.0838513284828003,23.013,4.987,4.619133333333333,0.1781071428571428,0.1002127746110132,0.0052609774459878,0.097765502717778,0.0979597537146804,0.4618162265191767
graph_057_mu_0_2_node_286,17,0.2647058823529412,0.0009694900905657,0.3652650822669104,2.7377377377377377,0.0118129429646774,11.127,5.873,1.909833333333333,0.345470588235294,0.3505442429924434,0.006004000247916,0.2090363711001642,0.209264912971352,0.6469941185847484
graph_057_mu_0_2_node_81,30,0.3306878306878307,0.0021972444148536,0.3840830449826989,2.603603603603604,0.0201756075499431,20.006,9.994,2.002,0.3331333333333333,0.4471984007328251,0.0102285873601411,0.1998588235294118,0.2002479376202139,0.8499398523714019
graph_057_mu_0_2_node_845,32,0.3487903225806452,0.0021584351782232,0.3936170212765957,2.5405405405405403,0.0815581366156077,22.177,9.823,2.2642666666666664,0.30696875,0.1981691975061988,0.0103598360950073,0.1813825877825877,0.1817651104702072,0.4437230783902112
graph_057_mu_0_2_node_73,27,0.4266666666666667,0.0010706762383463,0.37,2.702702702702702,0.0134146773547358,22.002,4.998,4.402699999999999,0.1851111111111111,0.1832859426451599,0.005140082780813,0.1019967346938775,0.1021913988003963,0.7699880679957798
graph_057_mu_0_2_node_510,21,0.1637426900584795,0.0014429682910339,0.3663366336633663,2.72972972972973,0.0112445979590885,11.094,9.906,1.1237999999999997,0.4717142857142857,0.5087823060981598,0.0101584822300515,0.308836229946524,0.3092216509758049,0.5116077032384159
graph_057_mu_0_2_node_950,22,0.2857142857142857,0.0015040476839531,0.3724832214765101,2.684684684684685,0.0130812814880841,13.012,8.988,1.448111111111111,0.4085454545454545,0.3554285505641913,0.0092247826001649,0.2567238095238095,0.2570735784154639,0.5139635614634084
graph_057_mu_0_2_node_594,32,0.3241379310344827,0.0020002841561353,0.3849710982658959,2.5975975975975976,0.0211619250287096,23.008,8.992,2.559111111111112,0.281,0.3290659231628368,0.0092475589924084,0.1634701298701298,0.1638203268354444,0.8048900008924218
graph_057_mu_0_2_node_255,25,0.2633333333333333,0.0018261416082565,0.391304347826087,2.555555555555556,0.0611381807755248,15.033,9.967,1.5093055555555557,0.3986800000000001,0.2003167940910679,0.0105145496651454,0.2489968060394889,0.2493847189458,0.3012795886601795
graph_057_mu_0_2_node_650,23,0.3241106719367589,0.001637959674455,0.3690432212781677,2.70970970970971,0.0112572133632956,15.144,7.856,1.9511738095238096,0.3415652173913042,0.4056464738631912,0.0080545031143705,0.20621422270498,0.2065200024589673,0.7670704894228904
graph_057_mu_0_2_node_260,17,0.2573529411764705,0.0008691060606074,0.3562767475035663,2.8068068068068066,0.0118678821713328,12.063,4.937,2.537923232323232,0.2904117647058823,0.3069972863738006,0.005034934782549,0.1706402869182292,0.1708324244867328,0.7269332420108358
graph_057_mu_0_2_node_493,19,0.1838235294117647,0.0012265514044543,0.3686346863468634,2.7127127127127126,0.010443405352333,11.048,7.952,1.3933522727272727,0.4185263157894735,0.4688808867231304,0.0081361477545862,0.2647618428912783,0.2650712605693844,0.5874296276111972
graph_057_mu_0_2_node_730,28,0.2707692307692307,0.0019004755363024,0.3735976065818998,2.6766766766766765,0.013330556368082,19.007,8.993,2.113833333333333,0.3211785714285714,0.3421690117652102,0.0092390107558227,0.1913156028368793,0.1916657296245588,0.6847760118758642
graph_057_mu_0_2_node_590,16,0.2583333333333333,0.0009034359216139,0.3594818279956819,2.7817817817817816,0.0066866647069429,9.008,6.992,1.288761904761905,0.437,0.4922266087942897,0.0070960943018255,0.279606153846154,0.2798781845664242,0.6332700509824888
graph_057_mu_0_2_node_693,22,0.3421052631578947,0.0010983351572884,0.3627450980392157,2.756756756756757,0.009923402209539,16.004,5.996,2.6695999999999995,0.2725454545454543,0.2281357018479994,0.0061600211793612,0.1577759784075574,0.1580093948796841,0.570599316539503
graph_057_mu_0_2_node_199,28,0.3415384615384615,0.001773739485774,0.376271186440678,2.6576576576576576,0.0158045486640675,21.002,6.998,3.0016,0.2499285714285714,0.2662164347005961,0.0071894739393429,0.1428123249299719,0.143084843375727,0.7607285889404788
graph_057_mu_0_2_node_858,37,0.3093093093093093,0.0027116500024745,0.3975328292877039,2.5155155155155158,0.0923397453088689,24.279,12.721,1.9179214840714844,0.3438108108108109,0.2568845808126151,0.0134150948354438,0.2077336555653054,0.2082290549880032,0.4853160052236905
graph_057_mu_0_2_node_963,20,0.2842105263157894,0.0012025757888198,0.3684987089634821,2.7137137137137137,0.010882883028612,13.007,6.993,1.8604761904761908,0.3496499999999999,0.2559139384963486,0.0071917695882752,0.2118716577540106,0.2121438120604613,0.4755299036360764
graph_057_mu_0_2_node_727,16,0.275,0.0008267670714744,0.3603896103896103,2.774774774774775,0.0081000427073487,10.009,5.991,1.6714666666666669,0.3744375,0.4218925636601991,0.0060800430483149,0.2303589743589744,0.2305920874038588,0.7035518056882127
graph_057_mu_0_2_node_105,28,0.3046153846153846,0.0021340278296185,0.3768389287061486,2.6536536536536537,0.0138465380188789,18.006,9.994,1.8018666666666672,0.3569285714285713,0.4471476386531468,0.0102288111344879,0.2172358926919519,0.2176249461919201,0.7605328038921682
graph_057_mu_0_2_node_903,23,0.2761904761904762,0.0014329266038919,0.3723443906075289,2.685685685685686,0.0150238758823272,15.146,7.854,1.943178571428572,0.3414782608695651,0.4060025662663555,0.0080504246167647,0.2060773963520432,0.2063830987787284,0.716426444003878
graph_057_mu_0_2_node_71,18,0.4333333333333333,0.0005288751579569,0.3546325878594249,2.81981981981982,0.0094859597544399,14.0,4.0,3.5,0.2222222222222223,0.146316893426485,0.004113798545402,0.125,0.1251557026080187,0.4755299036360764
graph_057_mu_0_2_node_744,18,0.4166666666666667,0.0005378779015686,0.3581929006812477,2.791791791791792,0.0089087542478699,14.001,3.999,3.5015,0.2221666666666667,0.1466430473449829,0.0041126899342477,0.1249659090909091,0.1251215727869142,0.4766514980740931
graph_057_mu_0_2_node_812,20,0.3137254901960784,0.0013647117267229,0.3649981731823164,2.73973973973974,0.0079002680037114,13.041,6.959,1.8768571428571432,0.3479499999999999,0.4621628420032271,0.007085927177356,0.2106615737203971,0.2109324057301849,0.7948276847052305
graph_057_mu_0_2_node_205,21,0.3857142857142857,0.0012839647627503,0.3666055045871559,2.727727727727728,0.0110264829728968,14.04,6.96,2.02075,0.3314285714285714,0.3831314676572351,0.0071099133479682,0.1986719298245614,0.1989428217922621,0.7686084112950227
graph_057_mu_0_2_node_440,22,0.2210526315789473,0.0013761404753191,0.3668747704737422,2.725725725725726,0.010222923107415,14.006,7.994,1.7526190476190475,0.3633636363636364,0.3041609685772506,0.0082126802549023,0.222027501185396,0.2223386245775372,0.4945740498102517
graph_057_mu_0_2_node_449,23,0.3320158102766798,0.0012807446038494,0.3706864564007421,2.6976976976976976,0.0117934017548715,16.003,6.997,2.287576190476189,0.3042173913043479,0.2566097891549811,0.0071958458711829,0.1794001563477172,0.1796725298098551,0.5866563605296508
graph_057_mu_0_2_node_40,29,0.354679802955665,0.001351401529211,0.3876600698486612,2.57957957957958,0.0773138950325885,21.044,7.956,2.6508928571428574,0.274344827586207,0.1600065594249627,0.0083925658467241,0.1590149622926093,0.1593247766143524,0.4220562797617223
graph_057_mu_0_2_node_461,17,0.3523809523809524,0.0008404367668275,0.3570407433881344,2.800800800800801,0.0067858886715959,12.051,4.949,2.4444833333333325,0.2911176470588234,0.3297239219681326,0.0050383287496372,0.1704257322951427,0.1706183387693103,0.7287944163126739
graph_057_mu_0_2_node_144,30,0.2827586206896552,0.0027003889031312,0.3882627283326856,2.575575575575576,0.0169736571729339,19.004,10.996,1.728363636363636,0.3665333333333332,0.4346623854969206,0.0112858734435112,0.2243918367346938,0.2248199133754914,0.7509391171302473
graph_057_mu_0_2_node_736,21,0.3391812865497076,0.0011314986475445,0.3628768616055212,2.755755755755756,0.0136057186917836,15.002,5.998,2.50455,0.2856190476190476,0.2951809637392334,0.0061268477152452,0.1666510668563299,0.1668845427536685,0.6871616552112678
graph_057_mu_0_2_node_178,20,0.2578947368421053,0.0012644656410525,0.3679558011049724,2.7177177177177176,0.0147640017890725,12.191,7.809,1.5816813186813188,0.39045,0.4670275089760885,0.007982070540601,0.2430257476728065,0.2433296285001491,0.7063098038127904
graph_057_mu_0_2_node_922,26,0.4123076923076923,0.0014873639110864,0.3727611940298507,2.6826826826826826,0.0149233051355319,19.004,6.996,2.7167619047619054,0.2690769230769231,0.3130035274323833,0.007160402446457,0.155455072463768,0.155727470657271,0.849849200309666
graph_057_mu_0_2_node_680,24,0.2424242424242424,0.0020893794953297,0.3716517857142857,2.690690690690691,0.0093862473221751,14.048,9.952,1.4128666666666665,0.4146666666666667,0.66066745937838,0.0101335275000525,0.261604858299595,0.2619921578874082,0.860952651900279
graph_057_mu_0_2_node_428,17,0.1428571428571428,0.0009950424492356,0.3623503808487486,2.75975975975976,0.0075168521083417,9.004,7.996,1.1262142857142858,0.4703529411764706,0.5626838443380714,0.0081151502505538,0.3074985754985754,0.3078096556132796,0.5628372056826092
graph_057_mu_0_2_node_826,27,0.3903133903133903,0.001886694008466,0.3789833080424886,2.6386386386386387,0.0152977951475758,19.01,7.99,2.379982142857143,0.2959259259259259,0.3576590935782061,0.0081773673297262,0.1736643154486586,0.1739754043734281,0.8499573567035367
graph_057_mu_0_2_node_479,21,0.3157894736842105,0.0009513870688847,0.367684946632315,2.71971971971972,0.013362235152979,15.003,5.997,2.5021000000000004,0.2855714285714285,0.2281596784561865,0.0061610431690364,0.166572072072072,0.1668055092753363,0.5325403390557205
graph_057_mu_0_2_node_278,19,0.2352941176470588,0.0009146137065566,0.3571683947086164,2.7997997997998,0.0090116789743962,13.01,5.99,2.1941947330447333,0.3152631578947368,0.3681328950043394,0.006113552433235,0.1874897479798211,0.1877228753017899,0.7273791827722943
graph_057_mu_0_2_node_253,27,0.2766666666666666,0.001972525622607,0.3761295180722891,2.6586586586586587,0.0152880548008501,16.077,10.923,1.4770863636363634,0.4045555555555555,0.6021741110658179,0.0111568009772588,0.2536855639305083,0.2541107021724879,0.8239304331673054
graph_057_mu_0_2_node_415,22,0.3722943722943723,0.0008287133075121,0.3740172220142269,2.6736736736736737,0.0588559379879842,16.072,5.928,2.7257,0.2694545454545454,0.1194435645767208,0.0062524785786487,0.1557823211875843,0.1560130919007015,0.32209997471213
graph_057_mu_0_2_node_343,23,0.3241106719367589,0.0014849943036162,0.3722056631892697,2.6866866866866865,0.0118854194412175,15.007,7.993,1.8780119047619048,0.3475217391304346,0.2931885598476341,0.0082200968529222,0.2103105937921726,0.2106217025220844,0.5500431724928244
graph_057_mu_0_2_node_463,32,0.3080459770114943,0.0026029371046153,0.3836405529953917,2.6066066066066065,0.0196137924607769,22.008,9.992,2.2029333333333327,0.31225,0.3656335821227033,0.0102760502784651,0.1850135642135641,0.1854026611052598,0.7683223419325554
graph_057_mu_0_2_node_960,22,0.331578947368421,0.0010383988011715,0.3584499461786867,2.78978978978979,0.007283727755087,16.001,5.999,2.6720256410256407,0.272681818181818,0.2952696465203935,0.0061278865796474,0.1579230248956531,0.1581565578041156,0.7361901033776328
graph_057_mu_0_2_node_613,23,0.2806324110671936,0.0014059048813123,0.3740172220142269,2.6736736736736737,0.0139333577533798,14.014,8.986,1.5600277777777782,0.390695652173913,0.3289183919578415,0.0092413308934228,0.2427852062588905,0.2431349246117995,0.5122107893967894
graph_057_mu_0_2_node_297,19,0.4044117647058823,0.0008835589790734,0.3537535410764872,2.8268268268268266,0.0076758155729149,14.011,4.989,2.811083333333333,0.262578947368421,0.330566378804049,0.0050804578863915,0.151144537815126,0.1513387305248335,0.8602667517618582
graph_057_mu_0_2_node_213,20,0.2210526315789473,0.001267314052447,0.3784090909090909,2.6426426426426426,0.0157452123435132,11.005,8.995,1.2236111111111108,0.4497500000000001,0.3299097603336149,0.0092505747730667,0.2901209677419354,0.2904709543054786,0.4033082352711667
graph_057_mu_0_2_node_912,23,0.4285714285714285,0.0009785446029997,0.3648648648648648,2.740740740740741,0.0108418494176761,17.055,5.945,2.8755,0.2584782608695651,0.3280543285447682,0.0060721708178956,0.1484573170731707,0.148688767362138,0.8786495165755667
graph_057_mu_0_2_node_665,20,0.1947368421052631,0.0016095891798844,0.3689069423929099,2.710710710710711,0.0093653450268019,10.014,9.986,1.0033333333333334,0.4993,0.703076386323555,0.0101346352947768,0.3327419354838709,0.3331304358641485,0.7036490391808206
graph_057_mu_0_2_node_602,23,0.3280632411067193,0.001141579431758,0.3693160813308687,2.707707707707708,0.0156779273898197,16.007,6.993,2.290204761904761,0.3040434782608696,0.2765450958263333,0.007177124043737,0.1792850844277672,0.1795573022721767,0.6324334804302532
graph_057_mu_0_2_node_818,26,0.2355072463768115,0.0018010486232376,0.3765548435733132,2.655655655655656,0.0205450984584879,15.008,10.992,1.3656323232323229,0.4227692307692308,0.4182432379496863,0.0112925917309822,0.2680539124328121,0.2684817002855011,0.5326317839401977
graph_057_mu_0_2_node_74,18,0.1764705882352941,0.0011393685041578,0.3588362068965517,2.7867867867867866,0.0088978301379664,9.087,8.913,1.0260934065934066,0.4951666666666666,0.5550362647807237,0.009092810410469,0.3295551795530805,0.3299019237490553,0.5508034704184088
graph_057_mu_0_2_node_497,14,0.0989010989010989,0.0009911022875525,0.367820324005891,2.7187187187187187,0.0089238705795884,5.969,8.031,0.7459222222222223,0.573642857142857,0.4980404516504435,0.0081957791872379,0.4025522594364701,0.4028646265629667,0.3652309304270066
graph_057_mu_0_2_node_517,19,0.2573529411764705,0.0013040633918534,0.3663366336633663,2.72972972972973,0.0118468543561128,12.01,6.99,1.7191714285714288,0.3678947368421052,0.4921962113809308,0.0070939372448773,0.2254280303030301,0.2257000467461467,0.7740149698923354
graph_057_mu_0_2_node_577,30,0.3333333333333333,0.0019727865215766,0.3741573033707865,2.6726726726726726,0.0154017286590034,22.008,7.992,2.754928571428572,0.2663999999999999,0.2931897198096577,0.0082189211232951,0.1536743633724765,0.1539856027930961,0.7700774459052365
graph_057_mu_0_2_node_254,22,0.2631578947368421,0.0013696804166507,0.3680913780397936,2.716716716716717,0.0145969793655633,14.128,7.872,1.8065714285714285,0.3578181818181817,0.4061399918115345,0.0080703752921908,0.2180715614399825,0.2183779401324989,0.6652695179918702
graph_057_mu_0_2_node_409,29,0.358974358974359,0.0016940544595933,0.3758465011286682,2.660660660660661,0.0166370653229503,21.011,7.989,2.6316630952380957,0.2754827586206897,0.3159982712652788,0.0081991645025618,0.1597541284612538,0.160065226896953,0.7905843433079568
graph_057_mu_0_2_node_641,25,0.4466666666666666,0.0014479221085594,0.3704115684093437,2.6996996996997,0.0144462500802706,19.006,5.994,3.171666666666666,0.2397600000000001,0.2682821048511681,0.0061345477059462,0.1362121212121211,0.1364455143865161,0.8498661494622083
graph_057_mu_0_2_node_842,26,0.4430769230769231,0.0014127378901002,0.3726221559119731,2.683683683683684,0.013976557556456,20.002,5.998,3.335066666666667,0.2306923076923077,0.2683186268719317,0.0061389853378251,0.130386679000925,0.1306202460246151,0.8945781055891221
graph_057_mu_0_2_node_210,15,0.4095238095238095,0.0006546549696335,0.3531283138918346,2.831831831831832,0.0085661208229683,11.004,3.996,2.75625,0.2663999999999999,0.2812895328648229,0.0040554955258055,0.1536782661782661,0.1538337768090136,0.7738864515295657
graph_057_mu_0_2_node_456,22,0.1631578947368421,0.0019329390826765,0.3652650822669104,2.7377377377377377,0.0072288834748498,11.997,10.003,1.1996158730158728,0.454681818181818,0.4915418977105447,0.0102186132268334,0.2942532212885154,0.2946424428650442,0.5399178521874815
graph_057_mu_0_2_node_235,21,0.3238095238095238,0.0012352717070533,0.3701370878103001,2.701701701701701,0.0118675546509828,14.004,6.996,2.002,0.3331428571428571,0.2559655652852574,0.0071949578058947,0.1998666666666667,0.200138958839735,0.5121091269926974
graph_057_mu_0_2_node_711,18,0.3986928104575163,0.0007129728226383,0.3635371179039301,2.750750750750751,0.0124154399453593,13.003,4.997,2.602700000000001,0.2776111111111111,0.1975662539179493,0.0051286229868265,0.1611814516129032,0.1613759404387049,0.5138082840219875
graph_057_mu_0_2_node_232,21,0.2619047619047619,0.0015019572538774,0.3775510204081632,2.6486486486486487,0.0126587201016137,13.009,7.991,1.6285,0.3805238095238096,0.3041370853397451,0.0082093673433335,0.234978431372549,0.2352894139037884,0.4945836473334716
graph_057_mu_0_2_node_648,18,0.2483660130718954,0.0012406167520546,0.3664710198092443,2.7287287287287287,0.0097727838729271,11.007,6.993,1.5744285714285715,0.3885000000000001,0.4922718706101397,0.0070970714538801,0.2410896551724137,0.2413617671185396,0.7738890281772508
graph_057_mu_0_2_node_451,28,0.328042328042328,0.0019740127480415,0.3757051523128996,2.661661661661661,0.017136790742918,18.006,9.994,1.8021000000000005,0.3569285714285713,0.4472166238229723,0.0102284653283258,0.2172391304347826,0.2176281839074952,0.8051202950302102
graph_057_mu_0_2_node_325,29,0.3618233618233618,0.0016991543154385,0.375,2.6666666666666665,0.0202628630632135,22.005,6.995,3.146585714285715,0.241206896551724,0.2559612286702552,0.0071938231661729,0.1371463758217365,0.1374187987399875,0.76825702531514
graph_057_mu_0_2_node_28,27,0.4033333333333333,0.0010748287237351,0.3694526627218935,2.7067067067067065,0.0150725277978336,21.014,5.986,3.518,0.2217037037037037,0.2192131765786509,0.0061558969338245,0.1246866746698679,0.1249197927505863,0.7318466306935013
graph_057_mu_0_2_node_356,21,0.3142857142857143,0.0014635939129911,0.3715135738192636,2.6916916916916915,0.011420912980327,13.007,7.993,1.627625,0.3806190476190477,0.3576674805587293,0.0081807447685698,0.2350470588235294,0.2353581191333598,0.5815591019662629
graph_057_mu_0_2_node_372,20,0.1830065359477124,0.0014124573675395,0.3723443906075289,2.685685685685686,0.0105529761559885,12.032,7.968,1.512371794871795,0.3984000000000001,0.4696999722851104,0.0081527839322629,0.2488321944939592,0.2491422584064149,0.6456337452265211
graph_057_mu_0_2_node_108,33,0.3598484848484848,0.0024538729971008,0.381588999236058,2.6206206206206204,0.0170971459861218,25.007,7.993,3.129714285714286,0.2422121212121211,0.2932037997094073,0.008220033189829,0.1377979544126242,0.1381093054965292,0.9166965158601904
graph_057_mu_0_2_node_748,18,0.2026143790849673,0.0012718798021782,0.3630087209302325,2.754754754754755,0.0080187091502499,9.948,8.052,1.241554945054945,0.4473333333333334,0.4922041808280871,0.0082211443510194,0.2885492286324369,0.2888625086768062,0.6053732442727983
graph_057_mu_0_2_node_379,25,0.2633333333333333,0.0018834882157173,0.3737373737373737,2.675675675675676,0.0121077037919183,16.004,8.996,1.77936507936508,0.35984,0.3298841731061517,0.0092517937383396,0.2193987521270562,0.2197489137895212,0.5867254525101362
graph_057_mu_0_2_node_386,45,0.2713178294573643,0.0041376376421454,0.4126394052044609,2.4234234234234235,0.1064630447907864,29.198,15.802,1.85037293956044,0.3511555555555555,0.3182688527072275,0.0166674940803485,0.2130168609484399,0.2136324086584035,0.5649302676304955
graph_057_mu_0_2_node_200,23,0.391304347826087,0.0011087431222697,0.3693160813308687,2.707707707707708,0.0137874838611548,17.007,5.993,2.8387,0.2605652173913043,0.2193399542127815,0.0061633030184355,0.1498036585365853,0.150036976456398,0.6219529843535311
graph_057_mu_0_2_node_55,27,0.23,0.0021794949022743,0.3821729150726855,2.6166166166166165,0.0151300343119821,18.003,8.997,2.001125,0.3332222222222222,0.3422626787817496,0.0092431918656429,0.1999217391304348,0.2002719942323657,0.6466473439837296
graph_057_mu_0_2_node_820,24,0.2554112554112554,0.0015957568681112,0.3759879563417388,2.65965965965966,0.0193876513290699,15.015,8.985,1.672666666666667,0.374375,0.3554679612708555,0.0092212215084169,0.2303208791208791,0.2306705857301781,0.553510614985731
graph_057_mu_0_2_node_321,23,0.4505928853754941,0.0011451460841393,0.3686346863468634,2.7127127127127126,0.0130339860707798,17.01,5.99,2.8433,0.2604347826086956,0.2682239080150164,0.0061301116376066,0.1497260972908732,0.1499592984383004,0.7605145976230006
graph_057_mu_0_2_node_145,17,0.2285714285714285,0.0008427688513354,0.3561497326203208,2.807807807807808,0.0082765343855842,11.1,5.9,1.8910388888888885,0.3470588235294116,0.35095662531862,0.0060333041446083,0.2101214121510673,0.2103510042105325,0.5882717683753856
graph_057_mu_0_2_node_832,23,0.3794466403162055,0.0013569904523553,0.3735976065818998,2.6766766766766765,0.0125056335786241,17.008,5.992,2.83985,0.2605217391304347,0.2198659083332814,0.0061620307673861,0.1497769454123112,0.150010224414057,0.6233207455543025
graph_057_mu_0_2_node_465,24,0.5108225108225108,0.0008906631486867,0.3652650822669104,2.7377377377377377,0.0127326869976745,20.004,3.996,5.008,0.1664999999999999,0.1788492945872122,0.0040896965868226,0.0908121212121212,0.0909677408632677,0.8499155268402783
graph_057_mu_0_2_node_539,20,0.3660130718954248,0.0012295919455443,0.3698630136986301,2.703703703703704,0.0126025518484584,14.019,5.981,2.3463333333333334,0.2990499999999998,0.3966590729589584,0.0060901810866765,0.1758338001867413,0.1760665968106238,0.8603314537494994
graph_057_mu_0_2_node_112,47,0.2878787878787879,0.0033125992153346,0.4122988031366075,2.4254254254254253,0.1164174260929371,33.097,13.903,2.3835195138195138,0.295808510638298,0.2797750883330654,0.0146649985322018,0.1736026806153507,0.1741444599347571,0.6435694465654633
graph_057_mu_0_2_node_584,19,0.2456140350877192,0.0011702277921391,0.3645985401459854,2.7427427427427427,0.0090418398849505,12.004,6.996,1.716095238095238,0.3682105263157894,0.2661579973079966,0.0071874281096138,0.2256532258064515,0.2259254755944505,0.4564200105071443
graph_057_mu_0_2_node_881,20,0.3052631578947368,0.0015105893021366,0.3619565217391304,2.7627627627627627,0.0065650756879927,12.997,7.003,1.856904761904762,0.3501499999999999,0.3442692282722248,0.007153891604056,0.2122663610898904,0.2125389041683122,0.638022702317826
graph_057_mu_0_2_node_612,28,0.4365079365079365,0.0013486324505459,0.3863109048723898,2.5885885885885886,0.0836861953193035,21.098,6.902,3.0674,0.2465,0.1390938599617276,0.0072795594577882,0.1406233656539538,0.1408921482026277,0.4229419438895508
graph_057_mu_0_2_node_554,26,0.4021739130434782,0.0010500288829055,0.3722056631892697,2.6866866866866865,0.0163509969185559,20.002,5.998,3.335066666666667,0.2306923076923077,0.2199520886223083,0.0061685047567992,0.130386679000925,0.1306202460246151,0.69665753699398
graph_057_mu_0_2_node_172,39,0.3348348348348348,0.0027638832075267,0.4033104561970125,2.47947947947948,0.1007587608508229,28.055,10.945,2.5651121212121217,0.2806410256410255,0.2200978459310905,0.0115456957370897,0.1632384815055159,0.1636648738005149,0.5426650307242158
graph_057_mu_0_2_node_930,22,0.4473684210526316,0.000844562249506,0.3603896103896103,2.774774774774775,0.0104233174100382,18.004,3.996,4.507333333333333,0.1816363636363636,0.1462278952153937,0.0041096088968431,0.0998926829268292,0.1000482783400339,0.6219357952736525
graph_057_mu_0_2_node_148,20,0.3006535947712418,0.0010336001378018,0.3626134301270417,2.7577577577577577,0.0121646167476876,13.085,6.915,1.8983809523809527,0.3457499999999999,0.3556197142135314,0.0070907966524918,0.20909905780494,0.2093681785917864,0.6137507946562156
graph_057_mu_0_2_node_766,23,0.2761904761904762,0.0015265382011565,0.3735976065818998,2.6766766766766765,0.011536803792744,14.046,8.954,1.5707976190476194,0.3893043478260869,0.4929514309373445,0.0091465438222827,0.2417483313272787,0.2420968054105829,0.7137524141829903
graph_057_mu_0_2_node_708,23,0.4071146245059288,0.001367359862498,0.376271186440678,2.6576576576576576,0.0154282731889138,16.091,6.909,2.3396547619047614,0.3003913043478261,0.382304909822283,0.0070556337728506,0.1768296345930491,0.1770985847105273,0.8792491100762491
graph_057_mu_0_2_node_581,34,0.4402852049910873,0.0014529546619114,0.3878105590062112,2.578578578578578,0.0958192545411421,28.055,5.945,4.730133333333333,0.1748529411764705,0.1196963602846278,0.0062707282443007,0.0958177803379416,0.0960494290163447,0.5627310601775124
graph_057_mu_0_2_node_569,18,0.2583333333333333,0.0012145314177855,0.3634048744998181,2.751751751751752,0.0074276325006416,11.017,6.983,1.578885714285715,0.3879444444444446,0.4627696183936123,0.0071110387312298,0.2406785317018909,0.2409502547913149,0.6619061160297443
graph_057_mu_0_2_node_878,17,0.3014705882352941,0.000848775725522,0.3634048744998181,2.751751751751752,0.0105055137007149,11.005,5.995,1.836166666666666,0.3526470588235293,0.237049793905589,0.0061528907959385,0.214076354679803,0.2143096414304783,0.4347440358117798
graph_057_mu_0_2_node_844,18,0.457516339869281,0.00074221575665,0.3598703170028818,2.7787787787787788,0.01084184656747,13.045,4.955,2.6534000000000004,0.2752777777777777,0.2731629796433064,0.0050615316769326,0.1597010522684147,0.1598939069895577,0.7135300642862016
graph_057_mu_0_2_node_266,54,0.3303167420814479,0.0043497588185703,0.4150394682176984,2.4094094094094096,0.1366845238371793,40.082,13.918,2.8817827172827166,0.2577407407407406,0.2799221314518913,0.0146818259608141,0.1479459608524492,0.1484886200578755,0.7839313544094573
graph_057_mu_0_2_node_289,23,0.308300395256917,0.0014091007360099,0.367820324005891,2.7187187187187187,0.0111417003279252,15.025,7.975,1.890442857142857,0.3467391304347825,0.3930539271288675,0.0081454070201789,0.2098274147493498,0.2101378230452284,0.7365532408086206
graph_057_mu_0_2_node_369,16,0.1868131868131868,0.0008273741407227,0.364067055393586,2.7467467467467466,0.0103751821473704,9.006,6.994,1.2937090909090911,0.437125,0.4263211115778424,0.0071412191819533,0.2799801265401266,0.2802522344462113,0.4869874380845035
graph_057_mu_0_2_node_60,28,0.3121693121693121,0.0017756214114129,0.3785524820007578,2.641641641641641,0.015354869021798,20.01,7.99,2.5055,0.2853571428571427,0.2931671996984992,0.0082167723955373,0.1664314285714285,0.1667425417042616,0.73339731800966
graph_057_mu_0_2_node_500,16,0.3666666666666666,0.0005688881290612,0.3587073608617594,2.787787787787788,0.0129787510150305,11.005,4.995,2.204533333333333,0.3121875,0.1900908391967528,0.0051315233175504,0.1849764641488779,0.1851708448976712,0.4184580637016619
graph_057_mu_0_2_node_362,18,0.1895424836601307,0.0014829578658075,0.3592233009708738,2.783783783783784,0.00626647700303,9.993,8.007,1.2525627372627373,0.4448333333333334,0.4970849112348052,0.0081721225547504,0.2863373161770762,0.2866488473599451,0.612794189158892
graph_057_mu_0_2_node_327,37,0.2747747747747748,0.0028124741058006,0.4013660104459622,2.4914914914914914,0.0899336755115539,24.137,12.863,1.8792080419580424,0.3476486486486487,0.2589975800162831,0.0135677162192334,0.2104422368277471,0.2109431593345443,0.4836291428596834
graph_057_mu_0_2_node_556,17,0.2476190476190476,0.0009481670814385,0.3587073608617594,2.787787787787788,0.0072627495827792,11.007,5.993,1.8372999999999995,0.3525294117647058,0.4219023314995926,0.00608220406426,0.2139926108374384,0.2142258198064787,0.7036187185210881
graph_057_mu_0_2_node_773,17,0.3014705882352941,0.0010474992224659,0.3566583363084613,2.803803803803804,0.0059445747130399,11.0,6.0,1.8333333333333328,0.3529411764705881,0.4220703937577553,0.0060895280961952,0.2142857142857142,0.2145191954904773,0.7737957218892184
graph_057_mu_0_2_node_491,15,0.1714285714285714,0.0009039450954859,0.3543809861653068,2.8218218218218216,0.0058680143785247,7.991,7.009,1.1452110389610386,0.4672666666666668,0.4341335442848525,0.0071544424168031,0.3052961861174676,0.3055688558242035,0.4885692064844782
graph_057_mu_0_2_node_537,27,0.2564102564102564,0.0022810407683068,0.3805714285714285,2.627627627627628,0.0152732705895992,16.004,10.996,1.455581818181818,0.4072592592592592,0.4346714723403097,0.0112858133174285,0.2557010570824524,0.2561290337468266,0.632390334569596
graph_057_mu_0_2_node_430,33,0.3397849462365591,0.0022692227551199,0.3775510204081632,2.6486486486486487,0.0167051378403067,25.002,7.998,3.1261785714285715,0.2423636363636362,0.2926075867177434,0.0082254288391788,0.1378924605493863,0.138204006265973,0.8779275606941367
graph_057_mu_0_2_node_411,34,0.3125,0.0024708083662566,0.3795592705167173,2.6346346346346348,0.0175974358822711,25.005,8.995,2.7804087301587304,0.2645588235294118,0.329120176914487,0.009250721343574,0.1524475872927665,0.1527979555476502,0.8779941938540142
graph_057_mu_0_2_node_534,19,0.3742690058479532,0.0009007473393183,0.3701370878103001,2.701701701701701,0.0141940898087281,13.11,5.89,2.2376000000000005,0.31,0.3044457253963852,0.0060375962118108,0.1835501336898395,0.1837793725507052,0.6649247834733619
graph_057_mu_0_2_node_521,18,0.2,0.0009722422547314,0.3668747704737422,2.725725725725726,0.0102576112592077,10.991,7.009,1.5758389610389616,0.389388888888889,0.4357768893159351,0.0071527200632405,0.2420664841276631,0.2423392173588149,0.612584089530753
graph_057_mu_0_2_node_804,20,0.4210526315789473,0.0008859453509274,0.3618254255704455,2.763763763763764,0.0109832800203581,15.003,4.997,3.003,0.24985,0.1975452657883644,0.0051287236417848,0.1427619047619047,0.1429564238713112,0.5928516567090014
graph_057_mu_0_2_node_586,28,0.4,0.0015170329803367,0.3719285182427401,2.6886886886886887,0.0130063202446044,22.002,5.998,3.668533333333333,0.2142142857142857,0.219949382043334,0.0061685259903634,0.1199560784313725,0.1201896818418937,0.7699890136222572
graph_057_mu_0_2_node_972,26,0.2644927536231884,0.0019092293906341,0.3805714285714285,2.627627627627628,0.0146040853494449,15.072,10.928,1.3810222222222224,0.4203076923076924,0.6021981932761479,0.0111626023170264,0.266128298625179,0.2665535985839191,0.7690561761787783
graph_057_mu_0_2_node_655,17,0.213235294117647,0.0010824025474762,0.3671444321940463,2.723723723723724,0.0148437048912189,10.185,6.815,1.517780952380952,0.4008823529411764,0.4082217884140114,0.0069653884792318,0.2512215562853493,0.2514867252897336,0.58770425224524
graph_057_mu_0_2_node_329,25,0.225296442687747,0.0022693562294311,0.3775510204081632,2.6486486486486487,0.0127979907561465,14.999,10.001,1.5006372549019606,0.40004,0.4917671574570844,0.0102162949989144,0.2500822246858832,0.2504714592317992,0.6870439852835171
graph_057_mu_0_2_node_551,27,0.3333333333333333,0.0015126452590286,0.3798479087452471,2.6326326326326326,0.019249196137931,19.011,7.989,2.380882142857143,0.2958888888888888,0.2924306227370821,0.0082159502860124,0.1736413562649851,0.1739524062686636,0.6586291845350702
graph_057_mu_0_2_node_392,18,0.3833333333333333,0.0007581042456889,0.3511423550087873,2.847847847847848,0.0054282928684951,13.008,4.992,2.6072,0.2773333333333332,0.3305985200411269,0.0050838064577849,0.161,0.1611942943111689,0.7940772143822298
graph_057_mu_0_2_node_418,39,0.3603238866396761,0.0025557065262566,0.4036363636363636,2.477477477477477,0.1031195966171552,28.072,10.928,2.5723803030303034,0.2802051282051281,0.2198411455807028,0.0115274208685573,0.1629548377949492,0.1633805684501332,0.5628565097823698
graph_057_mu_0_2_node_488,18,0.3725490196078431,0.0006835084769962,0.359740727403673,2.77977977977978,0.0105348882882305,14.006,3.994,3.5135,0.2218888888888889,0.1520576505612049,0.0041030220632866,0.1248014705882353,0.1249569396969021,0.5325723651995116
graph_057_mu_0_2_node_311,29,0.2478632478632478,0.0024465299277525,0.386609907120743,2.5865865865865865,0.0193643793265868,18.014,10.986,1.6401131313131314,0.3788275862068966,0.4344500153440874,0.011275310634531,0.2336836734693878,0.2341113279564434,0.672132599229148
graph_057_mu_0_2_node_798,22,0.2157894736842105,0.0013101115134502,0.3719285182427401,2.6886886886886887,0.0128433234093302,13.113,8.887,1.4834682539682535,0.4039545454545455,0.4572354375022628,0.0091132335022351,0.2532929440718914,0.2536387857518615,0.6141740723011416
graph_057_mu_0_2_node_870,20,0.3,0.0014793394695093,0.3666055045871559,2.727727727727728,0.0090076382158363,12.078,7.922,1.5329285714285716,0.3961,0.5278604900605428,0.0080645175868742,0.2471312070282658,0.2474394821721241,0.7943845206767209
graph_057_mu_0_2_node_663,28,0.373015873015873,0.0013637240596787,0.3867595818815331,2.5855855855855854,0.0756926832387399,21.031,6.969,3.020933333333333,0.2488928571428571,0.1401096150167133,0.0073516970316754,0.1421494677871148,0.1424208576971118,0.4218996931080694
graph_057_mu_0_2_node_261,34,0.4193548387096774,0.0015211945149259,0.3925343811394892,2.5475475475475475,0.0936899364039693,27.057,6.943,3.904257142857142,0.2042058823529412,0.1397336739971756,0.0073235930920867,0.1137309561582432,0.1140014606689854,0.5226656662561165
graph_057_mu_0_2_node_689,29,0.4102564102564102,0.0014921593477445,0.3731789316398954,2.67967967967968,0.0167706207141301,23.003,5.997,3.8362333333333343,0.2067931034482758,0.2194162268392349,0.0061675148451789,0.115321480406386,0.1155550630874233,0.80480202714616
graph_057_mu_0_2_node_867,20,0.2947368421052631,0.0012760960306799,0.3662023460410557,2.730730730730731,0.0113306129834264,13.004,6.996,1.8590476190476195,0.3497999999999999,0.2765567189461653,0.00718044967318,0.2119786096256683,0.2122508806045526,0.5138081522691493
graph_057_mu_0_2_node_310,26,0.2984615384615384,0.0014330734900258,0.3712374581939799,2.6936936936936937,0.0150426630589462,18.011,7.989,2.255416666666666,0.3072692307692307,0.3040836908962013,0.008207304977647,0.1815315766359244,0.1818426024292503,0.6847634162682548
graph_057_mu_0_2_node_302,23,0.4333333333333333,0.0011835963841539,0.3659340659340659,2.7327327327327327,0.011381766290964,17.011,5.989,2.842533333333334,0.260391304347826,0.3289157781238055,0.0061189737719604,0.1496941347270615,0.1499272969927886,0.8777880669965293
graph_057_mu_0_2_node_475,27,0.358974358974359,0.0019417960816299,0.3837879369957741,2.6056056056056054,0.019942224156803,18.015,8.985,2.005946428571429,0.3327777777777777,0.4023027691817966,0.0091954376694733,0.1996120259019426,0.1999618142507671,0.8052317097402734
graph_057_mu_0_2_node_322,34,0.3266129032258064,0.0027319286451402,0.3808616088448341,2.625625625625626,0.0152261859834993,25.01,8.99,2.782634920634921,0.2644117647058823,0.3297927896628697,0.0092453388062739,0.152350912290451,0.1527010859793807,0.8801319161506307
graph_057_mu_0_2_node_86,17,0.3897058823529412,0.0006019495906361,0.352878841398799,2.833833833833834,0.0060957352988114,13.009,3.991,3.2842833333333337,0.2347647058823529,0.1967465163857399,0.0040764779704417,0.1330863514173997,0.1332416914604424,0.6382026419860011
graph_057_mu_0_2_node_567,24,0.3079710144927536,0.0014551603790475,0.3723443906075289,2.685685685685686,0.0129693555346578,17.005,6.995,2.4314285714285715,0.2914583333333334,0.2661687419392811,0.0071862647672815,0.1705923344947735,0.170864651367282,0.6466712790750075
graph_057_mu_0_2_node_400,24,0.2510822510822511,0.0019412522991303,0.3686346863468634,2.7127127127127126,0.0092670652852406,15.069,8.931,1.6910952380952382,0.372125,0.4576013796774107,0.009160796255346,0.2286686679174484,0.2290162746959652,0.7158471310596515
graph_057_mu_0_2_node_861,22,0.4157894736842105,0.0009644170996083,0.3652650822669104,2.7377377377377377,0.0099340626282007,16.023,5.977,2.6838999999999995,0.2716818181818181,0.3287172885188714,0.0061061839319336,0.1572133603238866,0.157446037573905,0.8231363818232664
graph_057_mu_0_2_node_884,30,0.3517241379310344,0.0015766012127215,0.3931523022432113,2.543543543543544,0.0810324282017013,22.088,7.912,2.7975,0.2637333333333334,0.159293926434119,0.008345640854374,0.1519319464602483,0.1522400729307514,0.4418492757031493
graph_057_mu_0_2_node_319,37,0.3529411764705882,0.0021002936391714,0.3975328292877039,2.5155155155155158,0.0951594155632629,27.115,9.885,2.748408333333334,0.2671621621621621,0.1991701265501406,0.0104259260752007,0.1542102564102564,0.1545953408825378,0.5234473355443602
graph_057_mu_0_2_node_722,24,0.3116883116883117,0.0016421240252305,0.3737373737373737,2.675675675675676,0.0117124234516254,15.069,8.931,1.690666666666667,0.372125,0.4925611584855167,0.0091220228163178,0.2286610560171536,0.2290086628410809,0.7689928614130154
graph_057_mu_0_2_node_719,21,0.1857142857142857,0.0020084399644925,0.3757051523128996,2.661661661661661,0.0153513438510378,11.0,10.0,1.1005833333333332,0.4761904761904763,0.4915877624667036,0.0102153082296559,0.3125488710635769,0.3129379456895803,0.5398442096535448
graph_057_mu_0_2_node_303,22,0.1526315789473684,0.0016476889652459,0.367414490621552,2.7217217217217216,0.0101672936592624,11.091,10.909,1.0191333333333332,0.4958636363636364,0.5594673274522859,0.0111888782746676,0.3298117647058823,0.3302361938125277,0.5119421823511188
graph_057_mu_0_2_node_5,28,0.3862433862433862,0.0014587124377945,0.3741573033707865,2.6726726726726726,0.0151930293327104,21.004,6.996,3.0026666666666664,0.2498571428571428,0.2765555152870416,0.0071804553864602,0.1427657142857142,0.1430381549105118,0.8299596882026538
graph_057_mu_0_2_node_601,52,0.3280542986425339,0.004594643423294,0.4225888324873096,2.3663663663663663,0.1326918948288172,38.085,13.915,2.739012987012988,0.2675961538461538,0.2799044229934045,0.0146784125081981,0.1544786660433223,0.1550211238299408,0.7633422109621905
graph_057_mu_0_2_node_16,19,0.3801169590643274,0.0007835512597508,0.3644655235315578,2.743743743743744,0.0149967902045657,13.008,5.992,2.172683333333334,0.3153684210526316,0.2370087579064188,0.0061496235940766,0.1872184714795008,0.1874516778300336,0.513886587696848
graph_057_mu_0_2_node_334,18,0.2875816993464052,0.0009699203561962,0.3649981731823164,2.73973973973974,0.0101034328172436,11.008,6.992,1.5748571428571432,0.3884444444444446,0.276489725482113,0.0071761870192067,0.2410482758620689,0.2413203489234327,0.434817818993772
graph_057_mu_0_2_node_32,19,0.4191176470588235,0.0007247671113583,0.3513893774182202,2.845845845845846,0.0061449010949185,14.041,4.959,2.841483333333333,0.261,0.2540268167010289,0.0050868849542786,0.1501343009931245,0.1503273264969566,0.6643241917018894
graph_057_mu_0_2_node_801,24,0.3852813852813853,0.0013790821573086,0.3649981731823164,2.73973973973974,0.0095052381505683,17.01,6.99,2.434285714285714,0.29125,0.3837807799473248,0.0071417736312252,0.1704529616724738,0.1707250840304079,0.8777732399512072
graph_057_mu_0_2_node_339,17,0.3161764705882353,0.0008906188774861,0.3643326039387308,2.744744744744745,0.0155286177731938,11.002,5.998,1.8347499999999997,0.3528235294117646,0.2194523516339804,0.0061685072375992,0.2142047619047619,0.2144381653188074,0.4023829511757072
graph_057_mu_0_2_node_417,36,0.4222222222222222,0.0017186772339275,0.4002403846153846,2.4984984984984986,0.1039306507073564,28.112,7.888,3.573285714285715,0.2191111111111111,0.158963615148448,0.0083196060937528,0.1230646853146853,0.1233720214889097,0.5623178824867002
graph_057_mu_0_2_node_159,34,0.320855614973262,0.0027905714863121,0.3848228043143297,2.5985985985985987,0.0204934456032783,24.003,9.997,2.4011333333333327,0.2940294117647059,0.3657477280411971,0.0102812698769447,0.172354178842782,0.1727435308896376,0.8779198790774287
graph_057_mu_0_2_node_524,22,0.4157894736842105,0.0010257766553709,0.3636694575900983,2.74974974974975,0.0093971623871949,16.013,5.987,2.6761999999999992,0.2721363636363635,0.3288993208307162,0.0061167059438235,0.1575087719298245,0.157741838248416,0.8229543495114218
graph_057_mu_0_2_node_227,16,0.4416666666666666,0.000607188822663,0.3639344262295082,2.747747747747748,0.0141034916442176,11.009,4.991,2.2082666666666664,0.3119375,0.2235091629264264,0.0051078269374987,0.1848100711548987,0.1850042963071128,0.4921295120210617
graph_057_mu_0_2_node_796,30,0.2620689655172414,0.0028167878176499,0.3882627283326856,2.575575575575576,0.016652754817885,19.008,10.992,1.7294545454545451,0.3663999999999998,0.4031791769434587,0.0113042749744024,0.2242938775510204,0.2247217986529138,0.696670961526235
graph_057_mu_0_2_node_664,27,0.3846153846153846,0.0011533454991248,0.3812977099236641,2.6226226226226226,0.073726363096016,21.081,5.919,3.5729,0.2192222222222223,0.1192339163737206,0.006243169164379,0.1231403061224489,0.1233708165719504,0.4226899532034339
graph_057_mu_0_2_node_843,24,0.2463768115942029,0.0018668827451501,0.3795592705167173,2.6346346346346348,0.0199697834550204,14.005,9.995,1.401333333333333,0.4164583333333334,0.3665564696430316,0.0102790837760577,0.262995951417004,0.2633849226675624,0.5133603275431887
graph_057_mu_0_2_node_976,29,0.225071225071225,0.0020718056468833,0.383199079401611,2.6096096096096097,0.018381552812843,18.008,10.992,1.6384727272727273,0.3790344827586206,0.4022179376346836,0.0113044894584111,0.2338368794326242,0.2342647672189766,0.6220003163507113
graph_057_mu_0_2_node_774,20,0.4509803921568627,0.0007186829093978,0.3603896103896103,2.774774774774775,0.0096204158524718,16.044,3.956,4.075,0.1978,0.2033912691698992,0.0040566453088909,0.1097913703176861,0.1099453847685618,0.765979239699848
graph_057_mu_0_2_node_646,23,0.3904761904761905,0.0012150004890798,0.3662023460410557,2.730730730730731,0.0130096543309028,16.026,6.974,2.3020880952380947,0.3032173913043479,0.3835117137571215,0.0071245794955235,0.1787333556687214,0.1790048343607249,0.8231921313632136
graph_057_mu_0_2_node_106,21,0.3047619047619048,0.0010449152735161,0.3679558011049724,2.7177177177177176,0.0132406844900492,14.002,6.998,2.0012,0.3332380952380951,0.2560251517316427,0.0071970015317068,0.1999351351351351,0.2002075050867914,0.5121238328750504
graph_057_mu_0_2_node_860,22,0.1731601731601731,0.0016993926652727,0.3820267686424474,2.6176176176176176,0.017629562388448,10.01,11.99,0.8350333333333334,0.5449999999999998,0.4398184278665706,0.0123305638794269,0.3745857843137255,0.3750522128753766,0.3667767660800181
graph_057_mu_0_2_node_910,25,0.3517786561264822,0.00116092571368,0.3726221559119731,2.683683683683684,0.0137742369689358,18.005,6.995,2.574404761904762,0.2798000000000001,0.2565683670530837,0.0071937441407025,0.1626585623678647,0.1629309004447345,0.6233768735385528
graph_057_mu_0_2_node_201,17,0.2720588235294117,0.0010233068168209,0.3639344262295082,2.747747747747748,0.0091719883522603,10.005,6.995,1.4307571428571426,0.4114705882352942,0.2661385490635827,0.0071863720909592,0.2590374931581827,0.2593096616834881,0.3804000087559536
graph_057_mu_0_2_node_702,22,0.4632034632034632,0.0009519830762863,0.367684946632315,2.71971971971972,0.012774688252104,17.003,4.997,3.4032999999999998,0.2271363636363635,0.1828425453545347,0.0051390702156508,0.1281205128205128,0.1283150622229562,0.6218467970625612
graph_057_mu_0_2_node_672,31,0.438423645320197,0.0012835651602172,0.3884136858475894,2.5745745745745747,0.0876786456867518,24.007,6.993,3.4340333333333337,0.2255806451612902,0.1404294687638229,0.0073777082064343,0.1271325244930507,0.1274049120081387,0.461751749648261
graph_057_mu_0_2_node_206,23,0.2924901185770751,0.001351357723746,0.3705489614243323,2.6986986986986987,0.0139621892315098,15.007,7.993,1.878285714285714,0.3475217391304346,0.3041552421941855,0.0082115622835539,0.2103136977058029,0.2106248064175456,0.5706497779445073
graph_057_mu_0_2_node_961,37,0.2672268907563025,0.0034259951254729,0.390081999219055,2.563563563563564,0.0191672353639799,26.007,10.993,2.3659909090909097,0.2971081081081081,0.4182534536085254,0.011293697862151,0.1744747023809523,0.1749028957428795,0.9510065779129074
graph_057_mu_0_2_node_404,19,0.3099415204678362,0.0011158214680077,0.3598703170028818,2.7787787787787788,0.0074579316170767,12.999,6.001,2.168566666666667,0.3158421052631579,0.2951887862606911,0.0061301860397221,0.1875962309749074,0.187829787224815,0.6379946672740211
graph_057_mu_0_2_node_778,28,0.4,0.0013163242762345,0.369589345172031,2.705705705705706,0.0139996515670309,22.002,5.998,3.668533333333332,0.2142142857142857,0.2370828879380211,0.0061561694155163,0.1199560784313725,0.1201896818418937,0.8299789189718846
graph_057_mu_0_2_node_585,23,0.3675889328063241,0.0015484627631764,0.3671444321940463,2.723723723723724,0.0095137562408931,16.997,6.003,2.834976190476191,0.2609999999999999,0.2953881779568131,0.0061321848922308,0.1501472560975609,0.1503809627802431,0.8342647624076917
graph_057_mu_0_2_node_264,27,0.35,0.0015816715009217,0.3759879563417388,2.65965965965966,0.0151135492626333,20.006,6.994,2.860999999999999,0.2590370370370369,0.2559388525361255,0.0071928148007112,0.1487925531914894,0.1490648947749921,0.6951209547360271
graph_057_mu_0_2_node_458,34,0.2701612903225806,0.002933926764224,0.3943939992104224,2.535535535535536,0.0186928186598132,23.005,10.995,2.092454545454545,0.3233823529411765,0.4032305686236146,0.0113074837401734,0.1928796128251663,0.1933077839315969,0.8066941371898854
graph_057_mu_0_2_node_476,16,0.3,0.0009423116483226,0.3638018936635105,2.7487487487487487,0.0074359140021012,10.027,5.973,1.6810666666666672,0.3733125,0.3964432191082522,0.0060820557604403,0.2295384615384615,0.2297708746030761,0.6617936509323152
graph_057_mu_0_2_node_162,20,0.2810457516339869,0.0012588103259269,0.3679558011049724,2.7177177177177176,0.012481859282809,13.087,6.913,1.8995238095238096,0.3456499999999999,0.3556406440601131,0.0070885738150691,0.2090297937356759,0.2092988367318165,0.613729864809634
graph_057_mu_0_2_node_262,19,0.3088235294117647,0.0007888962092962,0.3624818577648766,2.7587587587587588,0.0115476525917713,13.116,5.884,2.24425,0.3096842105263158,0.3510974077878747,0.0060159543748933,0.1833965874811463,0.1836255927520192,0.7055345351178817
graph_057_mu_0_2_node_882,31,0.2512315270935961,0.0027741009929509,0.3878105590062112,2.578578578578578,0.0184126614823796,20.008,10.992,1.8204989898989892,0.3545806451612903,0.4031682687707967,0.011304327772133,0.2155001280628362,0.2159280824763727,0.696763281968749
graph_057_mu_0_2_node_118,17,0.3676470588235294,0.0007757612649074,0.3602596465921385,2.775775775775776,0.0078594630738325,13.004,3.996,3.261616666666667,0.2350588235294118,0.1968884709997534,0.004081681025892,0.1332510752688172,0.1334066099295006,0.6380733433434671
graph_057_mu_0_2_node_915,18,0.1568627450980392,0.001391148578513,0.369589345172031,2.705705705705706,0.009927831060538,8.993,9.007,1.001978021978022,0.5003888888888889,0.5586364949987603,0.0091925346166902,0.3340444453098125,0.3343948429763542,0.550684020118377
graph_057_mu_0_2_node_685,39,0.3454790823211875,0.0028687706543129,0.4051094890510949,2.468468468468469,0.1018058155332787,29.189,9.811,2.9834630952380947,0.2515641025641025,0.1978957058309799,0.0103474114962782,0.1439235093424999,0.1443057736445483,0.5835678990137301
graph_057_mu_0_2_node_296,21,0.1761904761904762,0.0019941926909545,0.3781226343679031,2.6446446446446448,0.0108990530852281,10.013,10.987,0.9116575757575752,0.5231904761904761,0.7734959331766389,0.0111505360538406,0.3542934384164222,0.3547208655592941,0.7036535280035879
graph_057_mu_0_2_node_772,25,0.2866666666666667,0.0017195035243649,0.3766968325791855,2.6546546546546548,0.0150362027066097,17.001,7.999,2.1254464285714283,0.31996,0.2933003743148593,0.0082264551348342,0.1904485049833887,0.1907598955477611,0.6233092513014289
graph_057_mu_0_2_node_629,21,0.238095238095238,0.001785435423062,0.3687707641196013,2.7117117117117115,0.0090005127034304,13.006,7.994,1.6284903846153846,0.3806666666666667,0.3932236400300393,0.0081658697049293,0.2351247464503043,0.2354358454815303,0.638137895582273
graph_057_mu_0_2_node_710,18,0.2549019607843137,0.001025984741277,0.3639344262295082,2.747747747747748,0.0102322406371126,11.008,6.992,1.5748571428571434,0.3884444444444446,0.2660875505888118,0.0071831609976586,0.2410482758620689,0.2413203489234327,0.4184959535439977
graph_057_mu_0_2_node_825,14,0.3076923076923077,0.0006908271917234,0.3525052928722653,2.8368368368368366,0.0053643189278882,9.002,4.998,1.8014000000000006,0.3569999999999999,0.3516821463132809,0.0050725068791045,0.2172898550724638,0.2174843222501581,0.6331305906366331
graph_057_mu_0_2_node_835,20,0.4263157894736842,0.0009454996989595,0.3644655235315578,2.743743743743744,0.0098368851841326,14.04,5.96,2.360333333333333,0.2979999999999999,0.3284817568112145,0.0060877554169268,0.1751279178338001,0.1753598975598957,0.768419599346239
graph_057_mu_0_2_node_175,25,0.2766798418972332,0.0015503581775509,0.3755639097744361,2.6626626626626626,0.0216572242696205,16.02,8.98,1.7862500000000006,0.3592,0.355333057362045,0.0092160148747512,0.2189471368739662,0.2192966762412427,0.5931663265578709
graph_057_mu_0_2_node_598,20,0.2026143790849673,0.0013315573143119,0.3655323819978046,2.735735735735736,0.0108991892258394,11.025,8.975,1.2294841269841268,0.4487500000000001,0.5949263996457526,0.0091392666959968,0.2893242913000978,0.2896735003742566,0.662064127062705
graph_057_mu_0_2_node_872,19,0.3040935672514619,0.0010845935242966,0.3668747704737422,2.725725725725726,0.0105770565833998,13.009,5.991,2.17599393939394,0.3153157894736842,0.2949507957633075,0.0061194945840979,0.1872265218713748,0.1874596891706983,0.6382326245034835
graph_057_mu_0_2_node_529,19,0.4705882352941176,0.0008037167397106,0.3589651455264103,2.785785785785786,0.0074661689270035,15.033,3.967,3.803833333333333,0.2087894736842104,0.2640623896350736,0.0040386429047981,0.1165950513538748,0.1167494818790081,0.9267707409308334
